{
  "accuracy": 0.8415147265077139,
  "precision": 0.8514348934619004,
  "recall": 0.8415147265077139,
  "f1_score": 0.8378334463566719,
  "confusion_matrix": [
    [
      152,
      6,
      28,
      1
    ],
    [
      0,
      100,
      33,
      1
    ],
    [
      11,
      3,
      320,
      4
    ],
    [
      0,
      1,
      25,
      28
    ]
  ],
  "classes": [
    "cardiovascular",
    "hepatorenal",
    "neurological",
    "oncological"
  ],
  "training_samples": 2852,
  "test_samples": 713
}